MAE,RMSE,corr,slope,Rsq,cover
0.04131570468577539,0.7505173122072306,0.9297442299119414,1.0096018246213632,0.8658004158419782,0.7468287936864977
